id,title,category,brand,description,rag_context,image_path
B0002LCUZK,Expanding Accordion File Folder Plastic Portable Document Organizer Letter Size,Office Supplies,Amazonbasics,Expanding Accordion File Folder Plastic Portable Document Organizer Letter Size. Category: Office Supplies. Brand: Amazonbasics,Product: Expanding Accordion File Folder Plastic Portable Document Organizer Letter Size | Brand: Amazonbasics | Reviews Summary: [5/5] This folder also expands on the bottom. Will allow A LOT more than when the bottom does not expand. Bought a second. I recommended this to my friends. || [5/5] Exactly what I needed. || [5/5] Nice product. Will work perfectly for my projects. Nice and sturdy. Thank you!,data\images\B0002LCUZK.jpg
B001NIZB5M,Amazon Kindle Replacement Power Adapter (Fits Latest Generation Kindle and Kindle DX) For shipment in the U.S only,Electronics,Amazon,Amazon Kindle Replacement Power Adapter (Fits Latest Generation Kindle and Kindle DX) For shipment in the U.S only. Category: Electronics. Brand: Amazon,"Product: Amazon Kindle Replacement Power Adapter (Fits Latest Generation Kindle and Kindle DX) For shipment in the U.S only | Brand: Amazon | Reviews Summary: [5/5] Since the details for the items are a little sparse I thought I would provide the specs listed on the power adapter.AC Input 100-240 Volts, 0.15 Amps, 50/60 HzDC Output 4.9 Volts, 0.85 AmpsThis adapte || [1/5] I was initially happy that my Kindle replacement charging cord arrived so promptly, it seemed to work fine. But after only one use, the outer covering of the cord started cracking falling off in bits. || [5/5] I bought the Kindle when I was in the USA but on my return to Australia I discovered I left the power adapter behind in my condo in the USA. For some reason Amazon cannot or will not mail a replacemen",data\images\B001NIZB5M.jpg
B005OOKNP4,AmazonBasics Bluetooth Keyboard for Android Devices - Black,Electronics,AmazonBasics,AmazonBasics Bluetooth Keyboard for Android Devices - Black. Category: Electronics. Brand: AmazonBasics,"Product: AmazonBasics Bluetooth Keyboard for Android Devices - Black | Brand: AmazonBasics | Reviews Summary: [4/5] Like a lot of reviewers here, I struggled to find the right Bluetooth keyboard to go with my Kindle Fire HD. In the end, I decided to go with the Amazon one, figuring that because Amazon made the Fire || [4/5] Using this with my Samsung Galaxy Note. Overall works fine, even though I'm on Gingerbread and not 3.0. Slim and lightweight. Pairs instantly. Some specialty keys don't work, but I'm not concerned as  || [5/5] It's a bit smaller than Apple's wireless keyboard but still easy to type on. Comes with 2 AAA batteries. Has a physical on/off switch and also a button to push for paring. Would be great if it came in",data\images\B005OOKNP4.jpg
B006BGZJJ4,Amazon Kindle Charger Power Adapter Wall Charger And Usb Cable Micro Usb Cord,Electronics,Amazon,Amazon Kindle Charger Power Adapter Wall Charger And Usb Cable Micro Usb Cord. Category: Electronics. Brand: Amazon,"Product: Amazon Kindle Charger Power Adapter Wall Charger And Usb Cable Micro Usb Cord | Brand: Amazon | Reviews Summary: [5/5] I wanted a new cord for my kindal and I wanted one like the one that came with my kindal. This was not what was as described. It's not white or anything like the original. It did ship quickly. I seldo || [5/5] Exactly what I needed. Works well. good length cord, good value and got here quickly. || [5/5] Wow! This charger is amazing! It charges like lightning! None of my old chargers can hold a candle to this one. Usually charges within 10 and 30 minutes. Nice length on cord. Quality is outstanding! W",data\images\B006BGZJJ4.jpg
B006GWO7UA,Kindle PowerFast International Charging Kit (for accelerated charging in over 200 countries),Electronics,Amazon,Kindle PowerFast International Charging Kit (for accelerated charging in over 200 countries). Category: Electronics. Brand: Amazon,"Product: Kindle PowerFast International Charging Kit (for accelerated charging in over 200 countries) | Brand: Amazon | Reviews Summary: [5/5] I travel internationally at least once a year and wanted an EASY way to charge my Kindle Fire HD. The design of this system is great. It's one basic plug and cord with changeable heads. It's easy to u || [5/5] Works on my kindle, Samsung Galaxy Note and my IPod Touch!!! Love this multi-funtional charger! I didn't need the international kit but i wasn't sure...maybe on day it will come in handy. || [5/5] I recently went out of the country and took this charging kit with me. Changing the different plugs adapters was extremely easy, and I had no problems with the setup and charging my Kindle. In fact th",data\images\B006GWO7UA.jpg
B006LW0W5Y,AmazonBasics 16-Gauge Speaker Wire - 100 Feet,Electronics,Amazonbasics,AmazonBasics 16-Gauge Speaker Wire - 100 Feet. Category: Electronics. Brand: Amazonbasics,Product: AmazonBasics 16-Gauge Speaker Wire - 100 Feet | Brand: Amazonbasics | Reviews Summary: [5/5] As advised. Came really fast || [5/5] as described. || [5/5] great wires.,data\images\B006LW0W5Y.jpg
B00BGIQS1A,Oem Amazon Kindle Power Usb Adapter Wall Travel Charger Fire/dx/+micro Usb Cable,Electronics,Amazon,Oem Amazon Kindle Power Usb Adapter Wall Travel Charger Fire/dx/+micro Usb Cable. Category: Electronics. Brand: Amazon,Product: Oem Amazon Kindle Power Usb Adapter Wall Travel Charger Fire/dx/+micro Usb Cable | Brand: Amazon | Reviews Summary: [1/5] Is Amazon kidding me They want me to pay 19.99 for an item that is a critical part of the functioning of their product Outrageous. I will find another 5V charger. || [1/5] I bought this thinking that I needed it but I didnt so it was a waste of money. I do so hate to waste money. the Kindle can hook to a regular cell phone charger and it comes with a cable that connects || [1/5] One star because this should've been included when I purchased my Kindles. Bought this second one because I have three paper whites and got tired of playing musical charge chairs. And if Amazon would ,data\images\B00BGIQS1A.jpg
B00DIHVMEA,AmazonBasics Nylon CD/DVD Binder (400 Capacity),Electronics,Amazonbasics,AmazonBasics Nylon CD/DVD Binder (400 Capacity). Category: Electronics. Brand: Amazonbasics,"Product: AmazonBasics Nylon CD/DVD Binder (400 Capacity) | Brand: Amazonbasics | Reviews Summary: [5/5] Great case to keep everything in its place! My husband love it!!!! Holds a lot of cds! || [5/5] After discarding and getting rid of broken cd cases, broken cds, and selecting those ones we really like, this binder turned up to be an excellent option to store our favourite cds and dvds and keep t || [5/5] A few dollars more, but I am boycotting amazon",data\images\B00DIHVMEA.jpg
B00DUGZFWY,AmazonBasics 15.6-Inch Laptop and Tablet Bag,Electronics,Amazonbasics,AmazonBasics 15.6-Inch Laptop and Tablet Bag. Category: Electronics. Brand: Amazonbasics,"Product: AmazonBasics 15.6-Inch Laptop and Tablet Bag | Brand: Amazonbasics | Reviews Summary: [4/5] The larger one was bought for me as part of a Christmas gift...I enjoyed mine so much that I bought this one for a birthday gift.....sturdy, stylish, padded and protects well. Good buy for the price || [4/5] For the price very good value and its lasting well || [5/5] holds everything laptop,amp,mini external memory drive,headphones,3d glasses,tablet cables,and still have 2 extra pockets awesome,well made product. thank you !",data\images\B00DUGZFWY.jpg
B00EEBS9O0,AmazonBasics Backpack for Laptops up to 17-inches,Electronics,Amazonbasics,AmazonBasics Backpack for Laptops up to 17-inches. Category: Electronics. Brand: Amazonbasics,"Product: AmazonBasics Backpack for Laptops up to 17-inches | Brand: Amazonbasics | Reviews Summary: [4/5] This is a very basic, functional backpack that does the job that it when designed for. Unlike other, more expensive models, this one does not have the feel or look of something that you would show off || [5/5] I purchase two of these backpacks for my wife and son's laptops. The case is well constructed and has many compartments. Its a great backpack for the price. || [5/5] Love the backpack....lots of pockets for all my needs...when i travel it fits everything for my travel...makes a lot easier",data\images\B00EEBS9O0.jpg
B00F5CKWBA,AmazonBasics External Hard Drive Case,Electronics,Amazonbasics,AmazonBasics External Hard Drive Case. Category: Electronics. Brand: Amazonbasics,"Product: AmazonBasics External Hard Drive Case | Brand: Amazonbasics | Reviews Summary: [5/5] I have the Western Digital My Passport Ultra 2TB USB 3.0 Portable Drive 2.5 (laptop size) external hard drive. The hard drives case is mostly plastic with a thin pretty metal sheet top that's more for || [5/5] I read the review that says it is NOT like the one pictured, and as far as my order goes, that is a false statement. The case is EXACTLY like the ones Amazon offers, just cheaper and with free shippin || [5/5] Case is well made and fits my WD Passport drive perfectly with enough room for the usb cable.",data\images\B00F5CKWBA.jpg
B00IOY8XWQ,"Kindle Voyage E-reader, 6 High-Resolution Display (300 ppi) with Adaptive Built-in Light, PagePress Sensors, Wi-Fi - Includes Special Offers",Electronics,Amazon,"Kindle Voyage E-reader, 6 High-Resolution Display (300 ppi) with Adaptive Built-in Light, PagePress Sensors, Wi-Fi - Includes Special Offers. Category: Electronics. Brand: Amazon","Product: Kindle Voyage E-reader, 6 High-Resolution Display (300 ppi) with Adaptive Built-in Light, PagePress Sensors, Wi-Fi - Includes Special Offers | Brand: Amazon | Reviews Summary: [5/5] I bought this so i can save all of my books. It was a bit small at first but you get used to it. Overall i am very satistfy || [5/5] I bought this as a gift. I think it is pretty decent both quality and design. || [5/5] This is a great e-reader, perhaps a little pricey but well worth the money. It is extremely light and the e-ink is very readable.",data\images\B00IOY8XWQ.jpg
B00IOYAM4I,"Kindle Voyage E-reader, 6 High-Resolution Display (300 ppi) with Adaptive Built-in Light, PagePress Sensors, Free 3G + Wi-Fi - Includes Special Offers","Electronics,Media",Amazon,"Kindle Voyage E-reader, 6 High-Resolution Display (300 ppi) with Adaptive Built-in Light, PagePress Sensors, Free 3G + Wi-Fi - Includes Special Offers. Category: Electronics,Media. Brand: Amazon","Product: Kindle Voyage E-reader, 6 High-Resolution Display (300 ppi) with Adaptive Built-in Light, PagePress Sensors, Free 3G + Wi-Fi - Includes Special Offers | Brand: Amazon | Reviews Summary: [5/5] best e reader to date. yes it's a bit pricey, but it reads like a real book. || [4/5] the back light nad easier to read in all lightings || [5/5] Pricey? Yes... For serious readers and users of library e-books, completly worth it. While nothing beats a real book experience, traveling 4 days plus per week nothing beats the portability and abilit",data\images\B00IOYAM4I.jpg
B00NH144GK,AmazonBasics USB 3.0 Cable - A-Male to B-Male - 6 Feet (1.8 Meters),Electronics,Amazonbasics,AmazonBasics USB 3.0 Cable - A-Male to B-Male - 6 Feet (1.8 Meters). Category: Electronics. Brand: Amazonbasics,"Product: AmazonBasics USB 3.0 Cable - A-Male to B-Male - 6 Feet (1.8 Meters) | Brand: Amazonbasics | Reviews Summary: [5/5] This is a good length cable for those that don't want tight connections because a cable is too short. I alternate back and forth between using two printers so having a longer cable allows me to keep t || [5/5] I found this wire to be of good quality. It performed as well as any other USB 3.0 cable and, to the extent that you would prefer something 'in black', this is the one to go. Amazon sells them in seve || [5/5] I am using the 3' version of this cable and it works great. It work well with my external Seagate 3.0 drive. I just connected it and it worked flawlessly. The cable is sturdy and is gold plated for be",data\images\B00NH144GK.jpg
B00OP6SMCI,Two Door Top Load Pet Kennel Travel Crate Dog Cat Pet Cage Carrier Box Tray 23',Animals & Pet Supplies,Amazonbasics,Two Door Top Load Pet Kennel Travel Crate Dog Cat Pet Cage Carrier Box Tray 23'. Category: Animals & Pet Supplies. Brand: Amazonbasics,"Product: Two Door Top Load Pet Kennel Travel Crate Dog Cat Pet Cage Carrier Box Tray 23' | Brand: Amazonbasics | Reviews Summary: [5/5] Sturdy, lightweight, tops lifts for easy access to pet , easy to lean and not bulky. Carrier will easily fit on your lap in the car. A+",data\images\B00OP6SMCI.jpg
B00QAVNWSK,AmazonBasics Double-Door Folding Metal Dog Crate - Medium (36x23x25 Inches),Animals & Pet Supplies,AmazonBasics,AmazonBasics Double-Door Folding Metal Dog Crate - Medium (36x23x25 Inches). Category: Animals & Pet Supplies. Brand: AmazonBasics,Product: AmazonBasics Double-Door Folding Metal Dog Crate - Medium (36x23x25 Inches) | Brand: AmazonBasics | Reviews Summary: [4/5] I am very pleased with the dog crate. Very sturdy. No damage or flaws. Was better than some others that I have purchased in a retail store. || [3/5] The price of the item was very good compared to other cages however the item itself came tilted so now my dog has a tilted dog crate. The tilt to the gates are noticeable but not very drastic. For the,data\images\B00QAVNWSK.jpg
B00QAVO43C,AmazonBasics Single-Door Folding Metal Dog Crate - Large (42x28x30 Inches),Animals & Pet Supplies,AmazonBasics,AmazonBasics Single-Door Folding Metal Dog Crate - Large (42x28x30 Inches). Category: Animals & Pet Supplies. Brand: AmazonBasics,"Product: AmazonBasics Single-Door Folding Metal Dog Crate - Large (42x28x30 Inches) | Brand: AmazonBasics | Reviews Summary: [5/5] It's great, study enough to hold the beast.",data\images\B00QAVO43C.jpg
B00QFQRELG,Amazon 9W PowerFast Official OEM USB Charger and Power Adapter for Fire Tablets and Kindle eReaders,Electronics,Amazon,Amazon 9W PowerFast Official OEM USB Charger and Power Adapter for Fire Tablets and Kindle eReaders. Category: Electronics. Brand: Amazon,Product: Amazon 9W PowerFast Official OEM USB Charger and Power Adapter for Fire Tablets and Kindle eReaders | Brand: Amazon | Reviews Summary: [5/5] It seems to work just like any other usb plug in charger. || [5/5] got this for my kindle 7 tablet . Does an excellent job charging the kindle fire 7 a lot faster than the one it came with the kindle fire || [5/5] Best kindle charger ever. Took 30 minutes to being my kindle back to life.,data\images\B00QFQRELG.jpg
B00QWO9P0O,AmazonBasics AAA Performance Alkaline Batteries (36 Count),Health & Beauty,Amazonbasics,AmazonBasics AAA Performance Alkaline Batteries (36 Count). Category: Health & Beauty. Brand: Amazonbasics,Product: AmazonBasics AAA Performance Alkaline Batteries (36 Count) | Brand: Amazonbasics | Reviews Summary: [3/5] I order 3 of them and one of the item is bad quality. Is missing backup spring so I have to put a pcs of aluminum to make the battery work. || [4/5] Bulk is always the less expensive way to go for products like these || [5/5] Well they are not Duracell but for the price i am happy.,data\images\B00QWO9P0O.jpg
B00REQKWGA,"Kindle Oasis E-reader with Leather Charging Cover - Black, 6 High-Resolution Display (300 ppi), Wi-Fi - Includes Special Offers",Electronics,Amazon,"Kindle Oasis E-reader with Leather Charging Cover - Black, 6 High-Resolution Display (300 ppi), Wi-Fi - Includes Special Offers. Category: Electronics. Brand: Amazon","Product: Kindle Oasis E-reader with Leather Charging Cover - Black, 6 High-Resolution Display (300 ppi), Wi-Fi - Includes Special Offers | Brand: Amazon | Reviews Summary: [5/5] Kindles are an excellent device for all book lovers || [5/5] I read a lot and have loved my kindle paperwhite and used it all the time. I didn't think it could get any better! I read all about the kindle Oasis and it sounded great but the price was freaking me  || [5/5] Very nice Kindle with a great Battery life. My old kindle was not able to upgrade so I got the new Kindle and very pleased with the product. Arrived as promised from BESTBUY.COM.",data\images\B00REQKWGA.jpg
B00UH4D8G2,Certified Refurbished Amazon Fire TV with Alexa Voice Remote,Electronics,Amazon,Certified Refurbished Amazon Fire TV with Alexa Voice Remote. Category: Electronics. Brand: Amazon,"Product: Certified Refurbished Amazon Fire TV with Alexa Voice Remote | Brand: Amazon | Reviews Summary: [1/5] Certified garbage! Lesson learned about paying attention to reviews. Fire TV box and remote was packaged like new, even included new batteries. After plugging it in it would only show Amazon logo and  || [5/5] Love it, had the stick and it was kinda slow navigating. This one is much faster. Was going to use this and cancel cable. When I told my cable company I wanted to cancel and I was just going to stream || [5/5] This box is wonderful, meets my expectations plus some. I gave up cable and tried it. I don't watch a lot of movies but this box comes with a lot of selections in my opinion more than basic cable, and",data\images\B00UH4D8G2.jpg
B00VINDBJK,"Kindle Oasis E-reader with Leather Charging Cover - Merlot, 6 High-Resolution Display (300 ppi), Wi-Fi - Includes Special Offers","Electronics,Media",Amazon,"Kindle Oasis E-reader with Leather Charging Cover - Merlot, 6 High-Resolution Display (300 ppi), Wi-Fi - Includes Special Offers. Category: Electronics,Media. Brand: Amazon","Product: Kindle Oasis E-reader with Leather Charging Cover - Merlot, 6 High-Resolution Display (300 ppi), Wi-Fi - Includes Special Offers | Brand: Amazon | Reviews Summary: [5/5] Kindles are an excellent device for all book lovers || [5/5] I read a lot and have loved my kindle paperwhite and used it all the time. I didn't think it could get any better! I read all about the kindle Oasis and it sounded great but the price was freaking me  || [5/5] Very nice Kindle with a great Battery life. My old kindle was not able to upgrade so I got the new Kindle and very pleased with the product. Arrived as promised from BESTBUY.COM.",data\images\B00VINDBJK.jpg
B00VKTZFB4,Echo Dot (Previous generation),Electronics,Amazon,Echo Dot (Previous generation). Category: Electronics. Brand: Amazon,"Product: Echo Dot (Previous generation) | Brand: Amazon | Reviews Summary: [4/5] I already have the Amazon Echo so this was just an additional one for my office. I think these gadgets are great. Set alarms, timers, get your local weather and who won the game last night. It can do ",data\images\B00VKTZFB4.jpg
B00WRDS8H0,AmazonBasics Ventilated Adjustable Laptop Stand,Electronics,Amazonbasics,AmazonBasics Ventilated Adjustable Laptop Stand. Category: Electronics. Brand: Amazonbasics,"Product: AmazonBasics Ventilated Adjustable Laptop Stand | Brand: Amazonbasics | Reviews Summary: [5/5] With an Income Tax Preparation practice I'm on my laptop 10 hours a day entering data. Using the laptop keyboard and mouse pad on the flat and level angle that laptops offer is stressful. An elevated  || [4/5] Simple in its design, with multiple angles, the mesh keeps your laptop cool, the cord keeper in back keeps organized, and the surface area is great for a 15.6 laptop. I think this would also work for  || [5/5] Can't seem to say enough about this awesome stand. This allows me to utilize my laptop monitor and a second flawlessly. The cord keep on the back is great as well. I am about to purchase another monit",data\images\B00WRDS8H0.jpg
B00XNQECFM,Amazon Fire TV Gaming Edition Streaming Media Player,Electronics,Amazon,Amazon Fire TV Gaming Edition Streaming Media Player. Category: Electronics. Brand: Amazon,Product: Amazon Fire TV Gaming Edition Streaming Media Player | Brand: Amazon | Reviews Summary: [5/5] Works excellent love it. Easy to use || [4/5] The item seems to have a 'ton' of items to view - just wish it came with some directions on use. Otherwise product is great. || [5/5] This has great possibilities for the ARMCHAIR POTATO by expanding what is available to view. I would recommend this to anyone.,data\images\B00XNQECFM.jpg
B00Y3QOH5G,Amazon Echo (1st Generationcertified) Color:White Free Shipping,Electronics,Amazon,Amazon Echo (1st Generationcertified) Color:White Free Shipping. Category: Electronics. Brand: Amazon,"Product: Amazon Echo (1st Generationcertified) Color:White Free Shipping | Brand: Amazon | Reviews Summary: [5/5] We have several echoes and dots throughout our house, we use it to listen to music, check the weather, traffic, adjust settings on our smart home devices, create shopping lists, use it as a kitchen ti || [5/5] The Amazon Echo is a really fun thing to play with. We always try to find new things to say to it which would make it say something funny. The Echo has been the most helpful in our home for creating s || [5/5] The Amazon Echo is a really fun thing to play with. We always try to find new things to say to it which would make it say something funny.The Echo has been the most helpful in our home for creating sh",data\images\B00Y3QOH5G.jpg
B00ZS0G0PG,"Kindle Oasis E-reader with Leather Charging Cover - Walnut, 6 High-Resolution Display (300 ppi), Wi-Fi - Includes Special Offers","Electronics,Media",Amazon,"Kindle Oasis E-reader with Leather Charging Cover - Walnut, 6 High-Resolution Display (300 ppi), Wi-Fi - Includes Special Offers. Category: Electronics,Media. Brand: Amazon","Product: Kindle Oasis E-reader with Leather Charging Cover - Walnut, 6 High-Resolution Display (300 ppi), Wi-Fi - Includes Special Offers | Brand: Amazon | Reviews Summary: [5/5] Kindles are an excellent device for all book lovers || [5/5] I read a lot and have loved my kindle paperwhite and used it all the time. I didn't think it could get any better! I read all about the kindle Oasis and it sounded great but the price was freaking me  || [5/5] Very nice Kindle with a great Battery life. My old kindle was not able to upgrade so I got the new Kindle and very pleased with the product. Arrived as promised from BESTBUY.COM.",data\images\B00ZS0G0PG.jpg
B00ZV9PXP2,"All-New Kindle E-reader - Black, 6' Glare-Free Touchscreen Display, Wi-Fi - Includes Special Offers",Electronics,Amazon,"All-New Kindle E-reader - Black, 6' Glare-Free Touchscreen Display, Wi-Fi - Includes Special Offers. Category: Electronics. Brand: Amazon","Product: All-New Kindle E-reader - Black, 6' Glare-Free Touchscreen Display, Wi-Fi - Includes Special Offers | Brand: Amazon | Reviews Summary: [4/5] thought rice was a little high but now that i have one, it is worth every penny. have not had any problems with it and not bothered by not having a backlight || [5/5] I am 100 happy with my purchase. I caught it on sale at a really good price. I am normally a real book person, but I have a 1 year old who loves ripping up pages. The Kindle prevents that, it's extrem || [4/5] This is a nice bare-bones reading device. Easy to set up and use. My greatest issue is that it isn't back lit so it can't be used w/o a light on in the room. Returning it an purchasing a paperwhite in",data\images\B00ZV9PXP2.jpg
B00ZV9RDKK,Fire TV Stick Streaming Media Player Pair Kit,Electronics,Amazon,Fire TV Stick Streaming Media Player Pair Kit. Category: Electronics. Brand: Amazon,"Product: Fire TV Stick Streaming Media Player Pair Kit | Brand: Amazon | Reviews Summary: [5/5] Pros: Works good like Alexia Cons: setting it up is a , HASLE had to call verizon three times Other Thoughts: I WOULD RECOMMEND IT || [5/5] Pros: Relatively easy to setup and works quite reliably. Cons: The mirror cast function didn't seem to work well displaying video while it was steaming to a Windows 10 laptop. Other Thoughts: This pro || [5/5] Pros: I WOULD recommend anyone who was going to purchase anything , newegg is the BEST PLACE TO LOOK ! Cons: No compaints",data\images\B00ZV9RDKK.jpg
B010CEHQTG,Amazon Echo Show Alexa-enabled Bluetooth Speaker with 7' Screen,"Electronics,Hardware",Amazon,"Amazon Echo Show Alexa-enabled Bluetooth Speaker with 7' Screen. Category: Electronics,Hardware. Brand: Amazon","Product: Amazon Echo Show Alexa-enabled Bluetooth Speaker with 7' Screen | Brand: Amazon | Reviews Summary: [5/5] Great Gift for anyone. Very easy to setup. Coexist with all IOT Devices. Alexa is AWESOME! || [5/5] Super excited to give this as a gift. It's super convenient that Best Buy has Echo products in store instead of having to purchase from Amazon. || [5/5] We bought this for mother in law, buying another for me.",data\images\B010CEHQTG.jpg
B010RLCH2U,AmazonBasics Nespresso Pod Storage Drawer - 50 Capsule Capacity,Home & Garden,AmazonBasics,AmazonBasics Nespresso Pod Storage Drawer - 50 Capsule Capacity. Category: Home & Garden. Brand: AmazonBasics,Product: AmazonBasics Nespresso Pod Storage Drawer - 50 Capsule Capacity | Brand: AmazonBasics | Reviews Summary: [5/5] I work for Nespresso so I have a lot of capsules. I absolutely LOVE the capsule drawers. So much neater than having the sleeves piled on top of each other.,data\images\B010RLCH2U.jpg
B017JG41PC,"Kindle E-reader - White, 6 Glare-Free Touchscreen Display, Wi-Fi - Includes Special Offers","Office Supplies,Electronics",Amazon,"Kindle E-reader - White, 6 Glare-Free Touchscreen Display, Wi-Fi - Includes Special Offers. Category: Office Supplies,Electronics. Brand: Amazon","Product: Kindle E-reader - White, 6 Glare-Free Touchscreen Display, Wi-Fi - Includes Special Offers | Brand: Amazon | Reviews Summary: [5/5] I am enjoying my Kindle very much! Easy to down load books and easy to read! Very happy with my purchase! || [5/5] This is an awesome product.I also own a paperwhite, if you always read in good lighting I would recommend you save some money and buy this instead of the paperwhite. || [5/5] I'm a longtime Kindle user and jumped at the opportunity to bring my granddaughter into the fold with this gift. She loved it!",data\images\B017JG41PC.jpg
B0189XYY0Q,"Fire HD 10 Tablet, 10.1 HD Display, Wi-Fi, 16 GB - Includes Special Offers, Silver Aluminum","Office Supplies,Electronics",Amazon,"Fire HD 10 Tablet, 10.1 HD Display, Wi-Fi, 16 GB - Includes Special Offers, Silver Aluminum. Category: Office Supplies,Electronics. Brand: Amazon","Product: Fire HD 10 Tablet, 10.1 HD Display, Wi-Fi, 16 GB - Includes Special Offers, Silver Aluminum | Brand: Amazon | Reviews Summary: [5/5] I was initially going to just get the Amazon Kindle but I thought this gives me a tablet and a easy way to read books. I buy e-college texts. It has helped me so much!! I'm so happy I invested my mone || [5/5] This was an Xmas gift for my wife. She had wanted a pad of some sort but I just couldn't afford an Ipad so I looked at the Fire as an alternative. First the screen size was just what I wanted. Second  || [5/5] Bought an IPad and didn't like it. Returned it and got the Fire 10.1. This is my third Fire, love it....no.learning curve.",data\images\B0189XYY0Q.jpg
B0189XZRTI,"Fire HD 10 Tablet, 10.1 HD Display, Wi-Fi, 16 GB - Includes Special Offers, Silver Aluminum","Office Supplies,Electronics",Amazon,"Fire HD 10 Tablet, 10.1 HD Display, Wi-Fi, 16 GB - Includes Special Offers, Silver Aluminum. Category: Office Supplies,Electronics. Brand: Amazon","Product: Fire HD 10 Tablet, 10.1 HD Display, Wi-Fi, 16 GB - Includes Special Offers, Silver Aluminum | Brand: Amazon | Reviews Summary: [4/5] I love the kindle, although do then to drop them. Always get the insurance and best buy makes it easy to replace them || [5/5] Got this for my dad as a gift. He loved it! Great alternative to an iPad || [5/5] I love my original Kindle Fire but the size and features on the latest Kindle are a plus",data\images\B0189XZRTI.jpg
B018SZT3BK,"All-New Fire HD 8 Tablet, 8 HD Display, Wi-Fi, 16 GB - Includes Special Offers, Black",Electronics,Amazon,"All-New Fire HD 8 Tablet, 8 HD Display, Wi-Fi, 16 GB - Includes Special Offers, Black. Category: Electronics. Brand: Amazon","Product: All-New Fire HD 8 Tablet, 8 HD Display, Wi-Fi, 16 GB - Includes Special Offers, Black | Brand: Amazon | Reviews Summary: [5/5] While there are some apps that are missing due to not using the Google Play Store the list is minimal. The tablet itself is quick, responsive, and noticeable nicer than the 7' fire. Picked this up whe || [4/5] I bought one last year for one cousin and had to continue for another this year. Great buy imo. || [4/5] I will try again for the 3rd time with my new Amazon Fire. It seems to have nice upgrades.",data\images\B018SZT3BK.jpg
B018T075DC,"Fire HD 8 Tablet with Alexa, 8 HD Display, 16 GB, Tangerine - with Special Offers",Electronics,Amazon,"Fire HD 8 Tablet with Alexa, 8 HD Display, 16 GB, Tangerine - with Special Offers. Category: Electronics. Brand: Amazon","Product: Fire HD 8 Tablet with Alexa, 8 HD Display, 16 GB, Tangerine - with Special Offers | Brand: Amazon | Reviews Summary: [5/5] While there are some apps that are missing due to not using the Google Play Store the list is minimal. The tablet itself is quick, responsive, and noticeable nicer than the 7' fire. Picked this up whe || [4/5] I bought one last year for one cousin and had to continue for another this year. Great buy imo. || [4/5] I will try again for the 3rd time with my new Amazon Fire. It seems to have nice upgrades.",data\images\B018T075DC.jpg
B018Y224PY,"Fire Tablet with Alexa, 7 Display, 16 GB, Magenta - with Special Offers",Electronics,Amazon,"Fire Tablet with Alexa, 7 Display, 16 GB, Magenta - with Special Offers. Category: Electronics. Brand: Amazon","Product: Fire Tablet with Alexa, 7 Display, 16 GB, Magenta - with Special Offers | Brand: Amazon | Reviews Summary: [5/5] Bought this to carry around for Internet and gaming. So far very happy. || [5/5] This is my second Kindle. The first was a gift several years ago. The display and speed are much better. || [5/5] First bought the Fire HD 8' for myself and liked it so well that I got this one for my wife.",data\images\B018Y224PY.jpg
B018Y225IA,"Fire Tablet with Alexa, 7 Display, 16 GB, Blue - with Special Offers",Electronics,Amazon,"Fire Tablet with Alexa, 7 Display, 16 GB, Blue - with Special Offers. Category: Electronics. Brand: Amazon","Product: Fire Tablet with Alexa, 7 Display, 16 GB, Blue - with Special Offers | Brand: Amazon | Reviews Summary: [5/5] Bought this to carry around for Internet and gaming. So far very happy. || [5/5] First bought the Fire HD 8' for myself and liked it so well that I got this one for my wife. || [5/5] I'm an author and frequently give these away as promotional prizes. My readers love them.",data\images\B018Y225IA.jpg
B018Y226XO,"Fire Kids Edition Tablet, 7 Display, Wi-Fi, 16 GB, Pink Kid-Proof Case","Toys & Games,Electronics",Amazon,"Fire Kids Edition Tablet, 7 Display, Wi-Fi, 16 GB, Pink Kid-Proof Case. Category: Toys & Games,Electronics. Brand: Amazon","Product: Fire Kids Edition Tablet, 7 Display, Wi-Fi, 16 GB, Pink Kid-Proof Case | Brand: Amazon | Reviews Summary: [5/5] great tablet for kids when traveling. my grandchild loves it. || [4/5] Bought this for my 2 yr old daughter. She was able to use it within minutes. She loves bed it, plays games on it everyday as well as we bought apps to read to her. She loves it all. || [5/5] Kindle products are fantastic. I've used a kindle & now have a Kindle fire. Use it everyday, so naturally, I would select a Kindle for my granddaughter.",data\images\B018Y226XO.jpg
B018Y22BI4,"Fire Tablet, 7 Display, Wi-Fi, 16 GB - Includes Special Offers, Black",Electronics,Amazon,"Fire Tablet, 7 Display, Wi-Fi, 16 GB - Includes Special Offers, Black. Category: Electronics. Brand: Amazon","Product: Fire Tablet, 7 Display, Wi-Fi, 16 GB - Includes Special Offers, Black | Brand: Amazon | Reviews Summary: [5/5] Bought this to carry around for Internet and gaming. So far very happy. || [5/5] First bought the Fire HD 8' for myself and liked it so well that I got this one for my wife. || [5/5] I'm an author and frequently give these away as promotional prizes. My readers love them.",data\images\B018Y22BI4.jpg
B018Y22C2Y,"Fire Kids Edition Tablet, 7 Display, Wi-Fi, 16 GB, Blue Kid-Proof Case",Electronics,Amazon,"Fire Kids Edition Tablet, 7 Display, Wi-Fi, 16 GB, Blue Kid-Proof Case. Category: Electronics. Brand: Amazon","Product: Fire Kids Edition Tablet, 7 Display, Wi-Fi, 16 GB, Blue Kid-Proof Case | Brand: Amazon | Reviews Summary: [5/5] great tablet for kids when traveling. my grandchild loves it. || [4/5] Bought this for my 2 yr old daughter. She was able to use it within minutes. She loves bed it, plays games on it everyday as well as we bought apps to read to her. She loves it all. || [5/5] Kindle products are fantastic. I've used a kindle & now have a Kindle fire. Use it everyday, so naturally, I would select a Kindle for my granddaughter.",data\images\B018Y22C2Y.jpg
B018Y23MNM,"Fire Kids Edition Tablet, 7 Display, Wi-Fi, 16 GB, Green Kid-Proof Case",Electronics,Amazon,"Fire Kids Edition Tablet, 7 Display, Wi-Fi, 16 GB, Green Kid-Proof Case. Category: Electronics. Brand: Amazon","Product: Fire Kids Edition Tablet, 7 Display, Wi-Fi, 16 GB, Green Kid-Proof Case | Brand: Amazon | Reviews Summary: [4/5] Bought this for my 2 yr old daughter. She was able to use it within minutes. She loves bed it, plays games on it everyday as well as we bought apps to read to her. She loves it all. || [4/5] My kids have grown up with technology in the house and their original tablets have started to become outdated. We have since switched to these fire tablets to help extend their gaming. While if they h || [4/5] This is the second Kid's version of the Fire that I've purchased and I think it's a good deal. Since it's really for my kids to watch Netflix - I was looking for a cheap option. I thought about gettin",data\images\B018Y23MNM.jpg
B01ACEKAJY,"All-New Fire HD 8 Tablet, 8 HD Display, Wi-Fi, 32 GB - Includes Special Offers, Black",Electronics,Amazon,"All-New Fire HD 8 Tablet, 8 HD Display, Wi-Fi, 32 GB - Includes Special Offers, Black. Category: Electronics. Brand: Amazon","Product: All-New Fire HD 8 Tablet, 8 HD Display, Wi-Fi, 32 GB - Includes Special Offers, Black | Brand: Amazon | Reviews Summary: [5/5] Purchase was to replace Fire HD 8.9 that was left on a plane (found & return 50 days later). Like this smaller version due to size & it's 3 years newer on the technology side. || [3/5] meh. it works. i find it difficult to navigate. i also have an ipad mini. this seems to be less intuitive than the ipad. || [5/5] Solid Amazon tablet for those invested in the Amazon ecosystem.",data\images\B01ACEKAJY.jpg
B01AHB9C1E,"Fire HD 8 Tablet with Alexa, 8 HD Display, 32 GB, Tangerine - with Special Offers",Electronics,Amazon,"Fire HD 8 Tablet with Alexa, 8 HD Display, 32 GB, Tangerine - with Special Offers. Category: Electronics. Brand: Amazon","Product: Fire HD 8 Tablet with Alexa, 8 HD Display, 32 GB, Tangerine - with Special Offers | Brand: Amazon | Reviews Summary: [5/5] The clarity of the screen and the back-lit text makes this an improvement from my old tablet. I now can read this in low light and enjoy the color as well. I am enjoying my new Kindle, but it did pres || [5/5] Purchase was to replace Fire HD 8.9 that was left on a plane (found & return 50 days later). Like this smaller version due to size & it's 3 years newer on the technology side. || [3/5] meh. it works. i find it difficult to navigate. i also have an ipad mini. this seems to be less intuitive than the ipad.",data\images\B01AHB9C1E.jpg
B01AHB9CN2,"All-New Fire HD 8 Tablet, 8' HD Display, Wi-Fi, 16 GB - Includes Special Offers, Magenta",Electronics,Amazon,"All-New Fire HD 8 Tablet, 8' HD Display, Wi-Fi, 16 GB - Includes Special Offers, Magenta. Category: Electronics. Brand: Amazon","Product: All-New Fire HD 8 Tablet, 8' HD Display, Wi-Fi, 16 GB - Includes Special Offers, Magenta | Brand: Amazon | Reviews Summary: [4/5] This was bought to replace my old Kindle with keypad, and experimental internet. Was surprised how much the Kindle had changed, and at the same price as my old one was when I bought it!Have already sh || [5/5] outstanding replacement tablet for my outdated and overpriced iPad 2 || [5/5] This is a great tablet for the price. I have one that I purchased a few years ago and use it much more than my laptop. Recently purchased two more for gifts.",data\images\B01AHB9CN2.jpg
B01AHB9CYG,"All-New Fire HD 8 Tablet, 8 HD Display, Wi-Fi, 32 GB - Includes Special Offers, Magenta",Electronics,Amazon,"All-New Fire HD 8 Tablet, 8 HD Display, Wi-Fi, 32 GB - Includes Special Offers, Magenta. Category: Electronics. Brand: Amazon","Product: All-New Fire HD 8 Tablet, 8 HD Display, Wi-Fi, 32 GB - Includes Special Offers, Magenta | Brand: Amazon | Reviews Summary: [5/5] The clarity of the screen and the back-lit text makes this an improvement from my old tablet. I now can read this in low light and enjoy the color as well. I am enjoying my new Kindle, but it did pres || [5/5] Purchase was to replace Fire HD 8.9 that was left on a plane (found & return 50 days later). Like this smaller version due to size & it's 3 years newer on the technology side. || [5/5] Solid Amazon tablet for those invested in the Amazon ecosystem.",data\images\B01AHB9CYG.jpg
B01AHBBG04,"All-New Fire HD 8 Tablet, 8 HD Display, Wi-Fi, 16 GB - Includes Special Offers, Blue",Electronics,Amazon,"All-New Fire HD 8 Tablet, 8 HD Display, Wi-Fi, 16 GB - Includes Special Offers, Blue. Category: Electronics. Brand: Amazon","Product: All-New Fire HD 8 Tablet, 8 HD Display, Wi-Fi, 16 GB - Includes Special Offers, Blue | Brand: Amazon | Reviews Summary: [5/5] Loved the Fire HD7 but the latest HD8 is sharper, faster and still handles great. || [5/5] The best tablet for the price! All three of my children have one & they are worth it! || [5/5] We have one for each of my children so I bought this one for my mother. They are amazing tablets especially for the price!",data\images\B01AHBBG04.jpg
B01AHBDCKQ,"All-New Fire HD 8 Tablet, 8 HD Display, Wi-Fi, 32 GB - Includes Special Offers, Blue",Electronics,Amazon,"All-New Fire HD 8 Tablet, 8 HD Display, Wi-Fi, 32 GB - Includes Special Offers, Blue. Category: Electronics. Brand: Amazon","Product: All-New Fire HD 8 Tablet, 8 HD Display, Wi-Fi, 32 GB - Includes Special Offers, Blue | Brand: Amazon | Reviews Summary: [5/5] The clarity of the screen and the back-lit text makes this an improvement from my old tablet. I now can read this in low light and enjoy the color as well. I am enjoying my new Kindle, but it did pres || [5/5] Purchase was to replace Fire HD 8.9 that was left on a plane (found & return 50 days later). Like this smaller version due to size & it's 3 years newer on the technology side. || [5/5] Solid Amazon tablet for those invested in the Amazon ecosystem.",data\images\B01AHBDCKQ.jpg
B01B66989K,AmazonBasics 11.6-Inch Laptop Sleeve,Electronics,Amazonbasics,AmazonBasics 11.6-Inch Laptop Sleeve. Category: Electronics. Brand: Amazonbasics,"Product: AmazonBasics 11.6-Inch Laptop Sleeve | Brand: Amazonbasics | Reviews Summary: [3/5] BETTER THAN NOTHING, But not as good as the CASE LOGIC: ELS-111 11 Chromebook/Surface 3 Sleeve. Fits the MacAir 11.6 perfect. The Amazon sleeve is simply neoprene, which snags and has so much friction || [3/5] BETTER THAN NOTHING, But not as good as the CASE LOGIC: ELS-111 11 Chromebook/Surface 3 Sleeve. Fits the MacAir 11.6 perfect. The Amazon sleeve is simply neoprene, which snags and has so much friction || [3/5] BETTER THAN NOTHING, But not as good as the CASE LOGIC: ELS-111 11 Chromebook/Surface 3 Sleeve. Fits the MacAir 11.6 perfect. The Amazon sleeve is simply neoprene, which snags and has so much friction",data\images\B01B66989K.jpg
B01BH83OOM,Amazon Tap Smart Assistant Alexaenabled (black) Brand New,Electronics,Amazon,Amazon Tap Smart Assistant Alexaenabled (black) Brand New. Category: Electronics. Brand: Amazon,"Product: Amazon Tap Smart Assistant Alexaenabled (black) Brand New | Brand: Amazon | Reviews Summary: [5/5] With the new update allowing hands-free 'Hey Alexa' commands, this is a great device. The battery allows you to disconnect from the wall. The sound is very good and fills a small room well with decent || [5/5] Bought it for a couple of my friends and it was a big hit with them! Very useful! || [5/5] It works well it takes time for it to know your vocabulary",data\images\B01BH83OOM.jpg
B01E6AO69U,Amazon Echo ‚Äì White,Electronics,Amazon,Amazon Echo ‚Äì White. Category: Electronics. Brand: Amazon,"Product: Amazon Echo ‚Äì White | Brand: Amazon | Reviews Summary: [5/5] Pros: Standard Echo. Cons: Older generation Echo. Other Thoughts: Arrived on time and was new in box. || [5/5] Pros: Got it for under 50, much impressive sound than 2nd gen. Has every other functionality. Cons: May be not trendy looking as newer, but still sets well on my kitchen island",data\images\B01E6AO69U.jpg
B01GAGYVU2,Certified Refurbished Amazon Echo,Electronics,Amazon,Certified Refurbished Amazon Echo. Category: Electronics. Brand: Amazon,"Product: Certified Refurbished Amazon Echo | Brand: Amazon | Reviews Summary: [5/5] I find it amusing to ask Alexa simple questions and timers. Not liking the messaging part that doesn't integrate with my iPhone, but it has awesome notifications and does sync with my Google calendar. || [5/5] This is my second Echo. The first one I purchased at Home Depot for 139. I knocked it off my nightstand a few times with no damage. The last time it fell, it completely died. So now it's just after Ch || [5/5] Very clear picture on monitor easy to install with mobile phone and quite enjoyable to ask questions Alexa is very informative.",data\images\B01GAGYVU2.jpg
B01IO618J8,"All-New Fire 7 Tablet with Alexa, 7' Display, 8 GB - Marine Blue",Electronics,Amazon,"All-New Fire 7 Tablet with Alexa, 7' Display, 8 GB - Marine Blue. Category: Electronics. Brand: Amazon","Product: All-New Fire 7 Tablet with Alexa, 7' Display, 8 GB - Marine Blue | Brand: Amazon | Reviews Summary: [5/5] Amazing way to keep my kids reading and also to have for games || [5/5] Got this for my father and he enjoys it. Plus I got it on black friday pricing too || [5/5] I bought for my son. Bought the thick blue bumper with it. 30 dollars for tablet on Black Friday. I liked it so much that I bought 3 more as Christmas stocking stuffers. He‚Äôs 17 months old and loves",data\images\B01IO618J8.jpg
B01J24C0TI,Amazon Echo Show - Black,Electronics,Amazon,Amazon Echo Show - Black. Category: Electronics. Brand: Amazon,"Product: Amazon Echo Show - Black | Brand: Amazon | Reviews Summary: [5/5] Pros: I love the Alexa series so when this one went on sale I had to get it with a camera. Now I can watch my security cameras from my couch or even drop in and see whats going on in other places. The || [4/5] I love having the screen available to use for certain tasks like streaming doorbell video, security camera footage, Amazon Prime music lyrics and videos, but I am disappointed that Amazon‚Äôs implemen || [5/5] Love it Love it Love it!!!!!!!!!!!!!!!!!!!!!!!!!!!",data\images\B01J24C0TI.jpg
B01J94SBEY,"All-New Fire HD 8 Kids Edition Tablet, 8 HD Display, 32 GB, Blue Kid-Proof Case",Electronics,Amazon,"All-New Fire HD 8 Kids Edition Tablet, 8 HD Display, 32 GB, Blue Kid-Proof Case. Category: Electronics. Brand: Amazon","Product: All-New Fire HD 8 Kids Edition Tablet, 8 HD Display, 32 GB, Blue Kid-Proof Case | Brand: Amazon | Reviews Summary: [5/5] I have been wanting to get a tablet for my grandson. However his mother insisted on waiting till he was older. Recently he has been talking a lot more and my daughter said that if I wanted to buy the  || [5/5] A perfect tablet for kids. The parental controls allow only age appropriate content and are customizable without spending hours digging through the settings. It comes with a 2-year no questions asked  || [5/5] Got this for my son he loves it. Very easy to use durable and with a two year no questions ask warranty can't beat it",data\images\B01J94SBEY.jpg
B01J94SCAM,"All-New Fire HD 8 Kids Edition Tablet, 8 HD Display, 32 GB, Pink Kid-Proof Case",Electronics,Amazon,"All-New Fire HD 8 Kids Edition Tablet, 8 HD Display, 32 GB, Pink Kid-Proof Case. Category: Electronics. Brand: Amazon","Product: All-New Fire HD 8 Kids Edition Tablet, 8 HD Display, 32 GB, Pink Kid-Proof Case | Brand: Amazon | Reviews Summary: [5/5] Purchase this Amazon - Fire HD 8 Kids Edition for my 2 year old grand daughter. She can watch her kid's videos now on her own device. She is learning to pick the videos she wants to watch. Her parents || [5/5] I purchased the 7' for my son when he was 1.5 years old, that one broke and while waiting for the replacement they came out with a 16gb version which I got him, he loved it. I now just saw the 8' with || [4/5] This tablet with the lesser price tag than a appple ipad is far less worry fora 3 yr old to have and own to watch with you while you both are together on the couch at night, a must for a first time ta",data\images\B01J94SCAM.jpg
B01J94SWWU,Amazon Fire HD 8 with Alexa (8' HD Display Tablet),Electronics,Amazon,Amazon Fire HD 8 with Alexa (8' HD Display Tablet). Category: Electronics. Brand: Amazon,Product: Amazon Fire HD 8 with Alexa (8' HD Display Tablet) | Brand: Amazon | Reviews Summary: [4/5] This is a great tablet. I got it on Black Friday at an amazing price. The downside: a lot of features are only available to Amazon prime and audible members with an expensive membership fee and the se || [5/5] Excellent upgrade for my wife's original 7' 8GB Fire Tablet. Great graphics and very powerful! || [5/5] Got this gift as a present for Christmas for my son. He enjoys playing games on it and watching Netflix,data\images\B01J94SWWU.jpg
B01J94T1Z2,"All-New Fire HD 8 Tablet with Alexa, 8 HD Display, 32 GB, Marine Blue - with Special Offers",Electronics,Amazon,"All-New Fire HD 8 Tablet with Alexa, 8 HD Display, 32 GB, Marine Blue - with Special Offers. Category: Electronics. Brand: Amazon","Product: All-New Fire HD 8 Tablet with Alexa, 8 HD Display, 32 GB, Marine Blue - with Special Offers | Brand: Amazon | Reviews Summary: [5/5] Very easy for a small child to use. very kid friendly || [5/5] I have always been pleased with Amazon Fire Tablets that I have brought in the past. They are fast and never have a problem connecting to the internet like a few others I have had. After trying anothe || [5/5] The HD display is absolutely gorgeous. Charging time is speedy, battery life is extended compared to the older generation tablets, and it's very user-friendly. Easy to learn and enjoyable!",data\images\B01J94T1Z2.jpg
B01J94YIT6,"All-New Fire HD 8 Tablet with Alexa, 8 HD Display, 16 GB, Marine Blue - with Special Offers",Electronics,Amazon,"All-New Fire HD 8 Tablet with Alexa, 8 HD Display, 16 GB, Marine Blue - with Special Offers. Category: Electronics. Brand: Amazon","Product: All-New Fire HD 8 Tablet with Alexa, 8 HD Display, 16 GB, Marine Blue - with Special Offers | Brand: Amazon | Reviews Summary: [5/5] This tablet offers so much fun for what I expected || [5/5] This is a good product at a great price if you are needing a tablet for web surfing. || [5/5] every time amazon updates there old to new the devices get better.",data\images\B01J94YIT6.jpg
B01L7XWEQQ,AmazonBasics Silicone Hot Handle Cover/Holder - Red,Home & Garden,Amazonbasics,AmazonBasics Silicone Hot Handle Cover/Holder - Red. Category: Home & Garden. Brand: Amazonbasics,Product: AmazonBasics Silicone Hot Handle Cover/Holder - Red | Brand: Amazonbasics | Reviews Summary: [4/5] It slippes around on pan handle,data\images\B01L7XWEQQ.jpg
B01N32NCPM,Amazon Fire TV with 4K Ultra HD and Alexa Voice Remote (Pendant Design) | Streaming Media Player,Electronics,Amazon,Amazon Fire TV with 4K Ultra HD and Alexa Voice Remote (Pendant Design) | Streaming Media Player. Category: Electronics. Brand: Amazon,Product: Amazon Fire TV with 4K Ultra HD and Alexa Voice Remote (Pendant Design) | Streaming Media Player | Brand: Amazon | Reviews Summary: [5/5] A lazy mans drean when it is combined with Alexa. If you get the harmony hub you can really impress with home automation || [5/5] I really enjoy my Fire stick. It's really easy to use. || [5/5] Really cool device! Instantly noticed the difference in quality when I switched from the regular Fire Stick to the Fire TV with 4k.,data\images\B01N32NCPM.jpg
B06VTJWRJW,"All-New Kindle Oasis E-reader - 7 High-Resolution Display (300 ppi), Waterproof, Built-In Audible, 32 GB, Wi-Fi + Free Cellular Connectivity","Electronics,Media",Amazon,"All-New Kindle Oasis E-reader - 7 High-Resolution Display (300 ppi), Waterproof, Built-In Audible, 32 GB, Wi-Fi + Free Cellular Connectivity. Category: Electronics,Media. Brand: Amazon","Product: All-New Kindle Oasis E-reader - 7 High-Resolution Display (300 ppi), Waterproof, Built-In Audible, 32 GB, Wi-Fi + Free Cellular Connectivity | Brand: Amazon | Reviews Summary: [5/5] The best Kindle ever, for me, is still the huge DX that Amazon used to make. But that is ancient history.With the current generation, I have owned the Voyager, and both the new and older versions of t || [5/5] I always use it when i read ebook ,i like it a lot || [5/5] Bought the new Oasis for my wife. She already had the first Oasis and was very pleased with it. What sets this one apart is the 7' screen. Much easier to see (we are not '20ish by a longshot) and the ",data\images\B06VTJWRJW.jpg
B06XB29FPF,Amazon - Echo Plus w/ Built-In Hub - Silver,"Electronics,Hardware",Amazon,"Amazon - Echo Plus w/ Built-In Hub - Silver. Category: Electronics,Hardware. Brand: Amazon","Product: Amazon - Echo Plus w/ Built-In Hub - Silver | Brand: Amazon | Reviews Summary: [5/5] Works great. Turns H&A up and down. Tv on and off. Lights on and off. All from Alexa. You do have to have apps and special lights. || [5/5] I LOVE Alexa and my Echo device (and Smart Bulb) so much I bought 4 more Echos and 8 more bulbs with more to come soon... || [5/5] So I went to the store, purchased and gifted.it was a snap.",data\images\B06XB29FPF.jpg
B06XCWLL12,"All-New Kindle Oasis E-reader - 7 High-Resolution Display (300 ppi), Waterproof, Built-In Audible, 32 GB, Wi-Fi - Includes Special Offers","Electronics,Media",Amazon,"All-New Kindle Oasis E-reader - 7 High-Resolution Display (300 ppi), Waterproof, Built-In Audible, 32 GB, Wi-Fi - Includes Special Offers. Category: Electronics,Media. Brand: Amazon","Product: All-New Kindle Oasis E-reader - 7 High-Resolution Display (300 ppi), Waterproof, Built-In Audible, 32 GB, Wi-Fi - Includes Special Offers | Brand: Amazon | Reviews Summary: [5/5] Hands down best kindle around this is my third kindle and they are all amazing but this one takes the fake love all the new options on this updated model... || [3/5] This is a neat little device and I love it. I am glad they added Audible functionality. It is a little pricey for an E-reader... actually very pricey but I got mine as a gift. I wish you didn't have t || [4/5] This is perfect. I carry mine 24/7. Super fast also. Only downside is the battery life is not good. I have to charge at least once a week no matter how I use the settings/light level.",data\images\B06XCWLL12.jpg
B06XD5YCKX,"All-New Kindle Oasis E-reader - 7 High-Resolution Display (300 ppi), Waterproof, Built-In Audible, 8 GB, Wi-Fi - Includes Special Offers","Electronics,Media",Amazon,"All-New Kindle Oasis E-reader - 7 High-Resolution Display (300 ppi), Waterproof, Built-In Audible, 8 GB, Wi-Fi - Includes Special Offers. Category: Electronics,Media. Brand: Amazon","Product: All-New Kindle Oasis E-reader - 7 High-Resolution Display (300 ppi), Waterproof, Built-In Audible, 8 GB, Wi-Fi - Includes Special Offers | Brand: Amazon | Reviews Summary: [5/5] Love my new kindle!!! I would recommend this to anyone who reads ebooks or has audible. || [5/5] I got this as gift for my husband and he loves it! Excellent e-reader! || [5/5] I owned the Kindle Keyboard, Kindle Paperwhite, and purchased new generation Kindle Oasis recently. It feels much more premium with the aluminium casing than first generation. It is so great!",data\images\B06XD5YCKX.jpg
B073SQYXTW,Echo Spot Pair Kit (Black),Electronics,Amazon,Echo Spot Pair Kit (Black). Category: Electronics. Brand: Amazon,"Product: Echo Spot Pair Kit (Black) | Brand: Amazon | Reviews Summary: [4/5] ASIDE FROM THE FACT THAT THE SCREEN IS SMALL, IT'S A GREAT LITTLE DEVICE. FOR THOSE THAT PREFER A LARGER SCREEN, THE ECHO SHOW WOULD BE A BETTER CHOICE. || [5/5] I wasn't sure I even wanted this item, but caught up in all the excitement surrounding the Alexa enabled devices. Well....after getting it home I became addicted and ordered two Echos for the entertai",data\images\B073SQYXTW.jpg
B074MCBG25,Cat Litter Box Covered Tray Kitten Extra Large Enclosed Hooded Hidden Toilet,Animals & Pet Supplies,Amazonbasics,Cat Litter Box Covered Tray Kitten Extra Large Enclosed Hooded Hidden Toilet. Category: Animals & Pet Supplies. Brand: Amazonbasics,"Product: Cat Litter Box Covered Tray Kitten Extra Large Enclosed Hooded Hidden Toilet | Brand: Amazonbasics | Reviews Summary: [5/5] I replaced my cat's x-large litter box to this smaller sized litter box... It's easy to clean and takes less kitty litter to fill it which I like || [5/5] Great price, good value!",data\images\B074MCBG25.jpg
B0751RGYJV,Amazon Echo (2nd Generation) Smart Assistant Oak Finish Priority Shipping,Electronics,Amazon,Amazon Echo (2nd Generation) Smart Assistant Oak Finish Priority Shipping. Category: Electronics. Brand: Amazon,Product: Amazon Echo (2nd Generation) Smart Assistant Oak Finish Priority Shipping | Brand: Amazon | Reviews Summary: [4/5] I bought it for my grandson‚Äôs birthday... he loves it;) || [5/5] This was a gift for my mother and she absolutely loves this thing || [4/5] We have one in every room and it's nice that we can ask to play music in all the devices. She has a hard time understanding Spanish words and sometimes we've noticed that she replies from other rooms ,data\images\B0751RGYJV.jpg
B0752151W6,"All-new Echo (2nd Generation) with improved sound, powered by Dolby, and a new design Walnut Finish","Electronics,Furniture",Amazon,"All-new Echo (2nd Generation) with improved sound, powered by Dolby, and a new design Walnut Finish. Category: Electronics,Furniture. Brand: Amazon","Product: All-new Echo (2nd Generation) with improved sound, powered by Dolby, and a new design Walnut Finish | Brand: Amazon | Reviews Summary: [5/5] After researching The Amazon Echo and the Google Home equivalent, I decided to go with the Echo since that one was recommended for Apple users. I found the set up to be easy and very user friendly. I  || [5/5] I like using Amazon Echo for playing calming music to help me fall asleep. I use it to play nature sounds for my dog while I am away.",data\images\B0752151W6.jpg
